{
  "best_global_step": 31,
  "best_metric": 0.9615384615384616,
  "best_model_checkpoint": "./output/slm_distillation/checkpoint-31",
  "epoch": 1.0,
  "eval_steps": 500,
  "global_step": 31,
  "is_hyper_param_search": false,
  "is_local_process_zero": true,
  "is_world_process_zero": true,
  "log_history": [
    {
      "epoch": 0.32786885245901637,
      "grad_norm": 273.4109802246094,
      "learning_rate": 0.00011250000000000001,
      "loss": 39.0043701171875,
      "step": 10
    },
    {
      "epoch": 0.6557377049180327,
      "grad_norm": 423.06793212890625,
      "learning_rate": 0.00019568345323741008,
      "loss": 24.858944702148438,
      "step": 20
    },
    {
      "epoch": 0.9836065573770492,
      "grad_norm": 53.07543182373047,
      "learning_rate": 0.000181294964028777,
      "loss": 17.24195556640625,
      "step": 30
    },
    {
      "epoch": 1.0,
      "eval_accuracy": 0.6131687242798354,
      "eval_loss": 2.0821096897125244,
      "eval_recall_high": 0.9615384615384616,
      "eval_recall_low": 0.07142857142857142,
      "eval_recall_mid": 0.6442953020134228,
      "eval_runtime": 0.4665,
      "eval_samples_per_second": 520.847,
      "eval_steps_per_second": 34.294,
      "step": 31
    }
  ],
  "logging_steps": 10,
  "max_steps": 155,
  "num_input_tokens_seen": 0,
  "num_train_epochs": 5,
  "save_steps": 500,
  "stateful_callbacks": {
    "TrainerControl": {
      "args": {
        "should_epoch_stop": false,
        "should_evaluate": false,
        "should_log": false,
        "should_save": true,
        "should_training_stop": false
      },
      "attributes": {}
    }
  },
  "total_flos": 537064283701248.0,
  "train_batch_size": 16,
  "trial_name": null,
  "trial_params": null
}
